"ID","Name","Existing practice","Existing muscle assignments","Every qualifying new category","Primary scheduling category","Training rationale","Decision","Demonstration or naming concerns","Confidence"
"15","Alternating Skater-RDL Balance","Balance training","Glutes;Core;Hamstrings;LowerBack;Calves;Abductors;Shins","Balance;Strength;Mobility","Balance","Single-leg hinge and lateral transfer strongly challenge postural control; the hinge also loads the posterior chain through useful hip range.","Keep","Prominent source timer graphics, but the full movement remains readable.","High"
"16","Alternating Star-Tap Balance","Balance training","Calves;Abductors;Shins","Balance;Stepping","Balance","Single-leg support with multidirectional target taps trains controlled foot placement and limits of stability.","Keep","Prominent source timer graphics, but foot placement remains visible.","High"
"17","Alternating Single-Leg RDL-Rotation Balance","Balance training","Glutes;Core;Hamstrings;LowerBack;Calves;Shins","Balance;Strength;Mobility","Balance","A single-leg hinge combined with trunk rotation creates a substantial dynamic-balance demand and meaningful posterior-chain loading.","Keep","Prominent source timer graphics, but the exercise is accurately demonstrated.","High"
"19","Alternating Side-to-Side Pendulum Balance","Balance training","Calves;Adductors;Abductors;Shins","Balance;Mobility","Balance","Repeated unsupported lateral leg arcs challenge frontal-plane control and active hip range.","Keep","Prominent source graphics; otherwise the movement is clear.","High"
"20","Alternating Front-to-Back Pendulum Balance","Balance training","Hamstrings;Calves;Shins","Balance;Mobility","Balance","Unsupported sagittal leg swings train balance while using meaningful active hip-flexion and extension range.","Keep","Prominent source graphics; otherwise the movement is clear.","High"
"21","Alternating Standing-Scale Balance Hold","Balance training","Glutes;Core;Hamstrings;LowerBack;Calves;Shins","Balance;Strength;Mobility","Balance","The long-lever single-leg scale hold demands sustained postural control, hip stability, trunk endurance, and posterior-chain range.","Keep","The explicit hold name now matches the frozen final-position demonstration.","High"
"31","Tai Chi Golden-Rooster Balance Drill","Balance training","Calves;Shins","Balance;Stepping","Balance","Slow weight transfer into alternating single-leg stance trains deliberate step placement and sustained postural control.","Keep","The source is wide, but the full-body action is visible.","High"
"92","Capoeira Ginga","Capoeira","Glutes;Quadriceps","Balance;Strength;Stamina;Stepping","Stepping","Continuous triangular stepping, low stance, and repeated weight transfer train directional stepping with secondary balance, leg endurance, and aerobic demand.","Keep","The demonstrator is small in a wide landscape frame, but the ginga pattern is recognizable.","High"
"93","Capoeira Esquiva Lateral","Capoeira","Glutes;Quadriceps;Abductors","Balance;Strength;Stepping;Mobility","Stepping","Repeated lateral evasions train controlled side steps, level changes, frontal-plane balance, leg strength, and lateral hip range.","Keep","Wide framing and background objects reduce visual focus, but no equipment is used.","High"
"96","Alternating Dynamic Figure-Four Squat Balance","Balance training","Glutes;Quadriceps;Calves;Abductors;Shins","Balance;Strength;Mobility","Balance","Alternating figure-four squats combine a demanding single-leg base with loaded hip rotation and squat strength.","Keep","Furniture is visible but is not used; the movement itself is clear.","High"
"97","Heel-to-Toe Balance Rocks","Balance training","Calves;Shins","Balance;Strength","Balance","Controlled forefoot-to-heel rocking trains ankle-strategy balance and local plantar-flexor and dorsiflexor endurance.","Keep","The movement is subtle, so the present side view is important; otherwise the name and demo match.","High"
"98","Penguin Balance March","Balance training","Calves;Shins","Balance;Strength","Strength","The narrow toe-out heel raises provide legitimate calf endurance with a modest balance demand.","Reconsider","The demonstration is a heels-together toe-out calf raise, not a march; rename it rather than presenting it as gait work.","Medium"
"101","Bodyweight Squat","Bodyweight conditioning","Glutes;Quadriceps","Strength","Strength","Repeated full-bodyweight squats directly train functional lower-limb force and local muscular endurance.","Keep","None observed.","High"
"102","Low-Impact Squat Jack","Bodyweight conditioning","Glutes;Quadriceps;Calves;Shins","Strength;Stamina;Stepping","Stamina","Continuous step-outs paired with squats create sustained whole-body demand while training leg strength and lateral foot placement.","Keep","None observed.","High"
"103","Wide Squat Pulse","Bodyweight conditioning","Glutes;Quadriceps;Adductors","Strength","Strength","A sustained wide squat with pulses meaningfully trains lower-limb local muscular endurance.","Reconsider","Accurate demonstration, but it substantially duplicates Squat Pulse, Sumo Squat, and Plié Squat.","High"
"104","Sumo Squat","Bodyweight conditioning","Glutes;Quadriceps;Adductors","Strength","Strength","Repeated deep wide-stance squats provide a clear lower-limb strength and endurance stimulus.","Keep","None observed.","High"
"105","Wide Turned-Out Squat","Bodyweight conditioning","Glutes;Quadriceps;Adductors","Strength","Strength","Repeated turned-out squats provide meaningful lower-limb strength and local-endurance work.","Keep","The reviewed full-body source keeps both feet, stance width, and squat depth visible throughout.","High"
"107","Half Squat","Bodyweight conditioning","Glutes;Quadriceps","Strength","Strength","Repeated partial squats can train lower-limb strength, particularly for users unable to tolerate deeper range.","Reconsider","The reduced range makes this a weaker catalog choice unless it is explicitly retained as an accessibility regression.","High"
"108","Second-Position Plié with Arm Sweep","Standing mobility and movement practice","Glutes;Quadriceps;Shoulders;Adductors;Trapezius;RotatorCuff","Strength;Mobility","Strength","The repeated deep second-position plié trains lower-limb strength through a broad hip range; the arm sweep is secondary.","Keep","Name and movement match; the arm sweep should not be represented as meaningful upper-body strengthening.","High"
"109","One-and-a-Half Sumo Squat","Bodyweight conditioning","Glutes;Quadriceps;Adductors","Strength","Strength","The extended time under tension makes this a legitimate lower-limb strength-endurance variation.","Reconsider","Accurate, but it is a tempo variant of an already crowded squat family.","High"
"110","Squat Pulse","Bodyweight conditioning","Glutes;Quadriceps","Strength","Strength","Continuous pulses in a loaded squat position provide a clear local muscular-endurance stimulus.","Keep","None observed.","High"
"111","Rainbow Squat Thruster","Bodyweight conditioning","Glutes;Quadriceps","Strength;Stamina","Stamina","Repeated squat-and-rise cycles with large arm arcs create sustained whole-body demand plus lower-limb strength work.","Keep","The name is unconventional but the repeated squat and overhead arc are clearly demonstrated.","High"
"112","Wide Squat with Overhead Reach","Bodyweight conditioning","Glutes;Quadriceps;Adductors;Trapezius","Strength;Mobility","Strength","A deep wide squat supplies the main strength stimulus while the overhead reach adds usable shoulder and trunk range.","Keep","None observed.","High"
"113","Bodyweight Overhead Squat","Bodyweight conditioning","Glutes;Core;Quadriceps;Trapezius","Strength;Mobility","Strength","Squatting with arms fixed overhead combines lower-limb strength with substantial shoulder, thoracic, hip, and ankle range demands.","Keep","The demonstrator is relatively small in a wide landscape frame, but alignment remains visible.","High"
"114","Hindu Squat","Bodyweight conditioning","Glutes;Core;Quadriceps","Strength;Mobility","Strength","Deep continuous squats with heel rise train lower-limb strength and usable knee, ankle, and hip range.","Keep","Wide framing, but the full movement is readable.","High"
"115","Sissy Squat","Bodyweight conditioning","Glutes;Quadriceps","Strength;Mobility","Strength","The unsupported backward lean creates high quadriceps demand through substantial knee and ankle excursion.","Reconsider","Accurate but advanced, with substantial anterior-knee and ankle demand and no regression or technique cue.","Medium"
"116","Cossack Squat","Bodyweight conditioning","Glutes;Core;Quadriceps;Adductors;Abductors","Strength;Mobility","Mobility","Deep alternating lateral squats strongly challenge usable frontal-plane hip and ankle range while also loading the legs.","Keep","The subject is small in the wide source, but both endpoints are visible.","High"
"117","Alternating Lateral Squat","Bodyweight conditioning","Glutes;Quadriceps;Adductors;Abductors","Strength;Mobility","Strength","Alternating side-to-side squats train lower-limb force across a meaningful lateral hip range.","Keep","None observed.","High"
"118","Squat to Knee Drive","Bodyweight conditioning","Glutes;Core;Quadriceps;HipFlexors","Balance;Strength;Stamina","Strength","A full squat followed by alternating unilateral knee drives combines leg strength with dynamic balance and sustained whole-body work.","Keep","Low-resolution landscape source, but the full sequence is understandable.","High"
"119","Squat to Calf Raise","Bodyweight conditioning","Glutes;Quadriceps;Calves","Balance;Strength","Strength","The squat and controlled rise onto the forefeet train lower-limb strength and balance without leaving the ground.","Keep","Dense inspection confirms a calf raise rather than a jump.","High"
"120","Duck Walk","Standing mobility and movement practice","Quadriceps;Shins","Strength;Mobility;Stepping","Strength","Locomotion in a deep squat produces substantial leg endurance and deep knee, hip, and ankle-range demand.","Reconsider","The deep duck walk is high-demand and potentially poorly tolerated; the demonstrator is also small in frame.","Medium"
"121","Alternating Forward Lunge","Bodyweight conditioning","Glutes;Quadriceps;HipFlexors","Balance;Strength;Stepping","Strength","Repeated forward steps into deep lunges train lower-limb force, deceleration, foot placement, and recovery balance.","Keep","Wide landscape framing, but the movement is clear.","High"
"122","Alternating Reverse Lunge","Bodyweight conditioning","Glutes;Quadriceps;HipFlexors","Balance;Strength;Stepping","Strength","Repeated backward steps into lunges train lower-limb strength, controlled step placement, and dynamic stability.","Keep","Wide landscape framing, but the movement is clear.","High"
"123","Alternating Lateral Lunge","Bodyweight conditioning","Glutes;Quadriceps;HipFlexors;Adductors;Abductors","Balance;Strength;Stepping;Mobility","Strength","Alternating lateral steps and deep side loading train leg strength, frontal-plane control, stepping, and hip range.","Keep","The source changes crop and angle, briefly reducing lower-body visibility, but the lateral lunge remains accurate.","High"
"124","Alternating Curtsy Lunge with Side Crunch","Bodyweight conditioning","Glutes;Core;Quadriceps;HipFlexors;Adductors;Abductors","Balance;Strength;Stepping","Strength","Cross-behind lunges and unilateral trunk motion create meaningful leg loading, directional stepping, and balance demand.","Keep","Mirrored source text is visible at the bottom, but the movement remains clear.","High"
"125","Alternating Reverse Lunge with Torso Twist","Bodyweight conditioning","Glutes;Core;Quadriceps;HipFlexors;MidBack","Balance;Strength;Stepping;Mobility","Strength","Reverse lunges train leg strength and backward stepping while deliberate rotation adds usable thoracic range and dynamic control.","Keep","None observed.","High"
"126","Alternating Back-Step Side Stretch","Stretching","Core;MidBack","","","The demonstrated back step and shallow side bend do not impose enough balance, strength, stamina, stepping, or range challenge to count as meaningful capacity training.","Remove","The demonstration is understandable, but the movement is a low-dose gesture and the name does not identify a specific mobility target.","High"
"127","Alternating Lunge with Overhead Stretch","Stretching","Glutes;Quadriceps;HipFlexors;Trapezius","Balance;Strength;Stepping;Mobility","Mobility","A long lunge with overhead reach trains usable hip-extension and shoulder range while the step and loaded stance add secondary strength and balance.","Keep","None observed.","High"
"128","Alternating Curtsy Squat with Arm Sweep","Bodyweight conditioning","Glutes;Quadriceps;Shoulders;Adductors;Abductors;Trapezius;RotatorCuff","Balance;Strength;Stepping","Strength","Alternating cross-behind squats meaningfully load the legs and challenge directional stepping and postural control.","Keep","The arm sweep is accurately shown but should not be treated as substantive upper-body strength work.","High"
"129","Squat to Alternating Front Kick","Bodyweight conditioning","Glutes;Quadriceps;HipFlexors","Balance;Strength;Stamina","Strength","Repeated squats and controlled front kicks combine leg strength, single-leg control, and a potentially sustained whole-body workload.","Keep","None observed.","High"
"130","Squat to Alternating Side Leg Lift","Bodyweight conditioning","Glutes;Quadriceps;Abductors","Balance;Strength","Strength","The squat supplies substantial leg loading and the unsupported side lift adds hip-abductor endurance and balance.","Keep","The reviewed full-body source clearly alternates the lateral leg raise after each squat.","High"
"131","Squat to Alternating Back Leg Lift","Bodyweight conditioning","Glutes;Quadriceps","Balance;Strength","Strength","Repeated squats plus unsupported hip-extension lifts train leg strength and dynamic single-leg control.","Keep","Wide framing, but the complete sequence is visible.","High"
"132","Squat to Alternating Oblique Crunch","Bodyweight conditioning","Glutes;Core;Quadriceps","Balance;Strength;Stamina","Strength","Repeated squats and standing knee-to-elbow actions train leg and trunk endurance with a sustained whole-body rhythm.","Keep","The subject is small in frame, but both components are demonstrated.","High"
"133","Goddess Squat to Star Pose","Yoga","Glutes;Quadriceps;Adductors","Strength;Mobility","Strength","Repeated transitions between a deep turned-out squat and tall reach train lower-limb endurance through a broad hip range.","Keep","Portrait source and modest resolution, but the exercise is accurate.","High"
"135","Mountain Pose to Upward Salute","Yoga","Shoulders;Chest;Trapezius","","","Moving from neutral standing to an unloaded overhead reach does not provide a meaningful capacity stimulus for this taxonomy.","Remove","The demonstration is accurate, but it is essentially an arm raise and is too slight to justify a training slot.","High"
"136","Goddess Pose","Yoga","Adductors","Strength;Mobility","Strength","A sustained deep wide squat is a clear lower-limb isometric-strength and local-endurance challenge with secondary hip-range demand.","Keep","The configured hold frame visibly reaches the deep final position.","High"
"138","Narrow-Squat Heel Raise","Bodyweight conditioning","Glutes;Quadriceps;Calves","Balance;Strength","Strength","A squat combined with bilateral heel raises trains leg and calf endurance with a meaningful reduced-base balance demand.","Keep","Low-resolution source, but the heel-rise pattern is visible.","High"
"139","Wide-Squat Heel Raise","Bodyweight conditioning","Glutes;Quadriceps;Calves","Balance;Strength","Strength","The wide squat and repeated heel rise produce legitimate lower-limb and calf endurance plus balance work.","Reconsider","Accurate but highly redundant with the narrow, sumo, and alternating-heel-lift variants.","High"
"140","Sumo-Squat Calf Raise","Bodyweight conditioning","Glutes;Quadriceps;Calves;Adductors","Strength","Strength","The demonstrated sumo-squat repetitions train lower-limb strength, but no reliable calf-raise stimulus is visible.","Remove","Dense frame inspection shows flat-footed sumo squats rather than the named calf raise; the media is not an exact demonstration.","High"
"141","Squat with Alternating Heel Lift","Bodyweight conditioning","Glutes;Quadriceps","Balance;Strength","Strength","Maintaining a squat while alternating heel lifts creates sustained leg loading and an ankle-strategy balance challenge.","Keep","The landscape source is small and the heel motion is subtle, though the on-video label and frames support the name.","High"
"142","Lateral Squat Walk","Bodyweight conditioning","Glutes;Quadriceps;Adductors;Abductors","Balance;Strength;Stepping","Stepping","Repeated lateral steps while holding a squat train controlled side stepping with substantial leg endurance and postural demand.","Keep","None observed.","High"
"143","Alternating Reverse Lunge to Front Kick","Bodyweight conditioning","Glutes;Quadriceps;HipFlexors","Balance;Strength;Stamina;Stepping","Strength","A backward lunge followed by a front kick combines leg force, backward stepping, single-leg control, and sustained compound work.","Keep","None observed.","High"
"144","Alternating Standing Knee Lift","Bodyweight conditioning","HipFlexors","Balance;Stepping","Balance","Deliberate alternating knee lifts create repeated single-leg stance and gait-like foot clearance.","Reconsider","Accurate, but the movement may be too easy to create a meaningful balance stimulus for many users unless cadence or hold time is specified.","Medium"
"145","Alternating Standing Knee-Extension Hold","Standing mobility and movement practice","Quadriceps;Shins","Balance;Strength","Balance","The unsupported straight-knee hold creates a balance demand and local quadriceps endurance.","Keep","The explicit hold name and frozen straight-knee endpoint now agree with the source's static-hold instruction.","High"
"146","Alternating Leg Curl with Back Squeeze","Standing mobility and movement practice","Hamstrings;UpperBack;MidBack;Trapezius","","","The unloaded heel curl and arm gesture do not create enough force, postural difficulty, range, or whole-body demand to qualify.","Remove","The human demo is understandable, but the claimed back squeeze is not visibly forceful and the exercise is a weak training stimulus.","High"
"147","Squat to Alternating Star Reach","Bodyweight conditioning","Glutes;Quadriceps;Shoulders;Trapezius","Balance;Strength;Stamina","Stamina","Continuous squats followed by large diagonal reaches create sustained whole-body work with secondary leg strength and balance.","Keep","None observed.","High"
"148","Alternating Straight-Leg Hip-Extension Lift","Standing mobility and movement practice","Glutes;Hamstrings","Balance;Strength;Mobility","Balance","The demonstration uses a pronounced unsupported hinge and rear-leg lift, strongly training single-leg control, posterior-chain endurance, and hip range.","Keep","The name understates the torso hinge and standing-scale position shown in the video.","High"
"150","Alternating Cross-Body Hip-Adduction Sweep","Standing mobility and movement practice","Adductors","Balance;Mobility","Balance","Alternating unsupported cross-body leg arcs create a legitimate postural-control and active hip-range challenge.","Reconsider","The adduction path is visually hard to distinguish from a knee or hip circle, and the small source reduces clarity.","Medium"
"151","Alternating Straight-Leg Front Raise","Standing mobility and movement practice","HipFlexors","Balance;Strength;Mobility","Mobility","High unsupported straight-leg raises train active hip-flexion range with secondary hip-flexor endurance and single-leg control.","Keep","The source is wide but the leg path is clear.","High"
"152","Alternating Side-Leg Raise Pulse","Bodyweight conditioning","Abductors","Balance;Strength;Mobility","Strength","Repeated high side-leg lifts and pulses train hip-abductor endurance while challenging the stance leg and active lateral range.","Keep","None observed.","High"
"154","Alternating Diagonal Leg Raise","Bodyweight conditioning","Core;HipFlexors;Abductors","Balance;Mobility","Mobility","If performed through the shown diagonal arc, the movement challenges active lateral hip and trunk range with a secondary balance demand.","Reconsider","The subject is small and the diagonal leg path is difficult to read; the title is nonspecific relative to the visible side bend.","Low"
"156","Alternating Curtsy-Lunge-to-Squat","Bodyweight conditioning","Glutes;Quadriceps;HipFlexors;Adductors;Abductors","Balance;Strength;Stamina;Stepping","Strength","Continuous curtsy lunges and squats provide substantial leg loading with cross-behind stepping, balance, and whole-body endurance demand.","Keep","None observed.","High"
"159","Alternating Standing Fire Hydrant","Standing mobility and movement practice","Glutes;Abductors","Balance;Strength;Mobility","Balance","Unsupported hip-abduction and rotation repetitions train stance control and modest hip-muscle endurance through active range.","Reconsider","The demonstrated range is small and the floor-exercise-derived name may imply a different movement; alternation appears created by mirroring.","Medium"
"160","Alternating Standing Donkey Kick","Standing mobility and movement practice","Glutes;Hamstrings","Balance;Strength;Mobility","Balance","A hinged single-leg stance with bent-knee hip extension creates meaningful balance and posterior-chain endurance demands.","Keep","The name can imply quadruped work; 'alternating hinged hip-extension pulse' would describe the standing demo more precisely.","Medium"
"161","Alternating Standing Gate Opener","Standing mobility and movement practice","HipFlexors;Abductors","Balance;Mobility","Mobility","Unsupported knee lifts followed by hip external-rotation arcs directly train active hip mobility with secondary balance.","Keep","Wide source framing, but the gate-opening path is clear.","High"
"168","Toy Soldier March","Standing mobility and movement practice","HipFlexors;Shins","Balance;Mobility;Stepping","Mobility","Alternating high straight-leg steps train active hamstring and hip range, gait-like foot clearance, and single-leg control.","Keep","The demo is a high toy-soldier toe-touch rather than an ordinary march; adding 'toe touch' would make the name more precise.","High"
"169","Alternating Standing Knee Drive","Standing mobility and movement practice","Core;HipFlexors","Balance;Stamina;Stepping","Stamina","Repeated vigorous knee drives provide sustained whole-body demand with gait-like clearance and alternating single-leg control.","Keep","The demonstrator is small in a very wide source, but the movement remains recognizable.","High"
"170","Alternating Cross-Body Knee Drive","Standing mobility and movement practice","Core;HipFlexors","Balance;Stamina;Stepping","Stamina","Continuous alternating knee lifts with large arm actions can provide aerobic work, repeated foot clearance, and dynamic balance.","Reconsider","The demonstration appears to show an overhead pull-down to a front knee rather than a clearly cross-body drive; rename or replace the clip.","Medium"
"171","Alternating Hamstring Sweep","Standing mobility and movement practice","Hamstrings;Shins","Balance;Mobility;Stepping","Mobility","Alternating step-and-hinge sweeps train dynamic hamstring range, deliberate foot placement, and controlled weight transfer.","Keep","The source includes text and mirroring, but the movement is exact and readable.","High"
"173","Alternating Side Knee Lift","Bodyweight conditioning","HipFlexors","Balance;Strength","Balance","Repeated unsupported side knee lifts create some single-leg control and local hip and trunk endurance.","Reconsider","Low resolution, modest range, and a relatively weak stimulus make it a marginal catalog choice.","Medium"
"174","Alternating Front Kick Toe Touch","Standing mobility and movement practice","Quadriceps;HipFlexors;Shins","Balance;Strength;Mobility","Mobility","Alternating high kicks with reaches strongly challenge active hamstring and hip range plus single-leg control.","Keep","None observed.","High"
"176","Alternating Back Kick","Standing mobility and movement practice","Quadriceps","Balance;Strength;Mobility","Strength","Controlled rear kicks train a power-oriented hip-extension pattern with significant single-leg balance and usable hip range.","Keep","The source is wide and mirrored, but the kick is accurately shown.","High"
"177","Alternating Roundhouse Kick Chamber","Standing mobility and movement practice","Quadriceps","Balance;Strength;Mobility","Balance","Repeated chambering and extension from single-leg stance strongly train rotational balance, hip control, and a power-strength facet.","Keep","Some frames progress beyond the chamber into kick extension; the name may underdescribe the demonstrated range.","High"
"178","Alternating Crescent Kick","Standing mobility and movement practice","Quadriceps;HipFlexors;Abductors","Balance;Strength;Mobility","Mobility","Large crescent-leg arcs train active multiplanar hip range while requiring dynamic balance and controlled force production.","Keep","None observed.","High"
"179","Alternating Axe-Kick Leg Raise","Bodyweight conditioning","Quadriceps;HipFlexors","Balance;Strength;Mobility","Mobility","High axe-kick arcs strongly challenge active hamstring and hip mobility with balance and controlled power demands.","Keep","The demo is a complete axe kick; 'leg raise' understates its speed and downward phase.","High"
"180","Alternating Karate Front Snap Kick","Karate","Quadriceps;HipFlexors","Balance;Strength;Mobility","Strength","Alternating snap kicks train rapid force production, single-leg postural control, and active hip and knee range.","Keep","None observed.","High"
"181","Alternating Karate Side Thrust Kick","Karate","Quadriceps;Abductors","Balance;Strength;Mobility","Strength","Alternating side thrust kicks provide a clear power-strength stimulus while demanding substantial balance and lateral hip range.","Keep","None observed.","High"
"182","Alternating Taekwondo Front-Kick Chamber","Taekwondo","Quadriceps;HipFlexors","Balance;Strength;Mobility","Balance","Repeated high front-kick chambers train controlled single-leg stance, hip-flexor endurance, and active hip range.","Keep","The clip appears to include some extension beyond a pure chamber; consider 'front-kick chamber and extension' if retained untrimmed.","High"
"183","Alternating Taekwondo Side-Kick Chamber","Taekwondo","Quadriceps;Abductors","Balance;Strength;Mobility","Balance","The high lateral chamber creates a strong single-leg-control challenge with meaningful hip strength and active range demands.","Keep","The clip includes extension beyond the chamber in some frames; the title may be slightly narrower than the demo.","High"
"184","Alternating Tai Chi Heel Kick","Tai Chi","Quadriceps;Shins","Balance","Balance","Controlled kicks create repeated unsupported single-leg phases and a genuine postural-control demand.","Keep","Low-resolution clip but the kick and alternation remain readable.","High"
"185","Alternating Tai Chi Toe Kick","Tai Chi","Quadriceps;Shins","Balance","Balance","Alternating raised-foot kicks repeatedly move the user into single-leg support.","Keep","Wide shot makes foot detail small but the balance demand is clear.","High"
"186","Alternating Tai Chi Lotus Kick","Tai Chi","Quadriceps;HipFlexors;Abductors","Balance;Stepping;Mobility","Balance","High circular kicks challenge single-leg control while the crossing transitions train foot-placement sequencing and the kick approaches meaningful active hip range.","Keep","The integrated crossing steps are important but are not stated in the name.","High"
"187","Second-Position Relevé Rise and Lower","Standing mobility and movement practice","Calves;Adductors","Balance;Strength","Strength","Repeated forefoot rises load the plantar flexors and reduce the support surface.","Keep","Heel movement is relatively small in the distant full-body clip.","High"
"188","Narrow Turned-Out Shallow Squat","Standing mobility and movement practice","Glutes;Quadriceps","Strength","Strength","Repeated bodyweight knee and hip flexion provides a real lower-limb local-endurance load.","Keep","The reviewed full-body source keeps the narrow turned-out stance and shallow depth continuously visible.","High"
"190","Ballet Grand Plie","Ballet","Glutes;Quadriceps;Adductors","Strength;Mobility","Strength","The deep turned-out squat combines substantial bodyweight leg loading with deliberate hip and ankle range.","Keep","A chair is visible but is not used.","High"
"191","Alternating Ballet Tendu Devant","Ballet","Calves;HipFlexors;Shins","Balance","Balance","The working leg slides away while bodyweight shifts mainly to the support leg.","Reconsider","The toe remains grounded so the balance dose may be too small for many users.","Medium"
"192","Alternating Ballet Tendu a la Seconde","Ballet","Calves;Adductors;Abductors;Shins","Balance","Balance","Lateral tendu transfers most weight to one support leg while controlling the extended foot.","Reconsider","The toe remains grounded and the range is too modest to qualify independently as Mobility.","Medium"
"193","Alternating Ballet Tendu Derriere","Ballet","Calves;Shins","Balance","Balance","Rearward tendu shifts support toward one leg and requires controlled return.","Reconsider","The toe remains grounded and the postural challenge is modest.","Medium"
"194","Alternating Ballet Degage Devant","Ballet","Calves;HipFlexors;Shins","Balance","Balance","The working foot clears the floor and creates repeated unsupported single-leg phases.","Keep","Lower-body crop does not show trunk alignment but clearly demonstrates the relevant foot action.","High"
"195","Alternating Ballet Degage a la Seconde","Ballet","Calves;Adductors;Abductors;Shins","Balance","Balance","Alternating lateral foot lifts produce genuine single-leg support and lateral postural control.","Keep","Lower-body crop omits whole-body posture.","High"
"196","Alternating Ballet Degage Derriere","Ballet","Calves;Shins","Balance","Balance","Alternating rearward foot lifts repeatedly require unsupported single-leg control.","Keep","Lower-body crop omits whole-body posture.","High"
"197","Parallel Squat-to-Calf Raise","Standing mobility and movement practice","Glutes;Quadriceps;Calves;Adductors","Balance;Strength","Strength","The shallow squat and forefoot rise combine bodyweight knee and calf loading with reduced-foot-contact control.","Keep","A single full-body demonstrator makes both phases continuously readable.","High"
"198","Wide Squat to Feet-Together Calf Raise","Standing mobility and movement practice","Glutes;Quadriceps;Calves;Adductors","Balance;Strength","Strength","The wide squat and feet-together forefoot rise train lower-limb force endurance and reduced-foot-contact control.","Keep","A single full-body demonstrator clearly shows the stance change, squat, and calf raise.","High"
"199","Horse-Stance Knee Bend","Standing mobility and movement practice","Glutes;Core;Quadriceps;Adductors","Strength","Strength","Repeated bent-knee work in a wide stance provides meaningful bodyweight lower-limb loading.","Keep","Watermark and end card reduce visual polish but the action is exact.","High"
"200","Good Morning to Squat","Bodyweight conditioning","Glutes;Core;Quadriceps;Hamstrings;LowerBack","Strength;Stamina;Mobility","Strength","Repeated deep hinges and squats load major lower-body muscles; traverse meaningful hip range; and can elevate breathing over 45 seconds.","Keep","None.","High"
"201","Alternating Boxing Jab","Boxing","Shoulders;Chest;Forearms;Triceps","","","Unloaded stationary jabs do not meaningfully load strength and isolated arm work does not satisfy the stamina definition.","Remove","Human clip matches the label but does not prescribe a trainable capacity dose.","High"
"203","Alternating Boxing Hook","Boxing","Shoulders;Chest;Forearms;Biceps","","","Unloaded hooks mainly rehearse a skill pattern without meaningful resistance or whole-body conditioning.","Remove","Human clip is accurate but the movement remains an unloaded stationary strike.","High"
"211","Alternating Karate Backfist Strike (Uraken-Uchi)","Karate","Shoulders;Forearms;Triceps","","","The stationary unloaded strike does not meet any frozen capacity threshold.","Remove","Instructional clip matches the strike but contains no qualifying load or step sequence.","High"
"212","Alternating Karate Palm-Heel Strike (Teisho)","Karate","Shoulders;Chest;Forearms;Triceps","","","The unloaded stationary palm strike does not provide meaningful strength or stamina training.","Remove","Accurate technique demonstration but no qualifying capacity dose.","High"
"213","Alternating Karate Hammer-Fist Strike (Tetsui-Uchi)","Karate","Shoulders;Forearms;Triceps","","","The unloaded arm strike is a technique gesture rather than a meaningful capacity stimulus.","Remove","Accurate human demonstration but no resistance or meaningful stepping.","High"
"214","Alternating Wing Chun Biu-Sau Palm Strike","Wing Chun","Shoulders;Forearms;Triceps","","","The close-up unloaded arm pattern does not meet the strength; stamina; mobility; balance; or stepping thresholds.","Remove","Upper-body-only clip confirms that no meaningful lower-body sequence is prescribed.","High"
"215","Self-Resisted Wrist Radial-Deviation Pulses","Self-resistance","Forearms","Strength","Strength","The opposing hand can provide scalable resistance to repeated wrist force.","Remove","Only one active wrist is prescribed; switching sides is absent and the long spoken clip is not a clean bilateral or naturally alternating demonstration.","High"
"216","Self-Resisted Wrist Ulnar-Deviation Pulses","Self-resistance","Forearms","Strength","Strength","Manual opposition can create a meaningful local wrist-strength stimulus.","Remove","Only one active wrist is prescribed; the demonstration does not satisfy the bilateral or naturally alternating requirement.","High"
"217","Self-Resisted Wrist-Extension Pulses","Self-resistance","Forearms","Strength","Strength","The opposite hand can resist repeated wrist extension and train local force endurance.","Remove","Only one active wrist is prescribed; neither bilateral execution nor side switching is demonstrated.","High"
"218","Self-Resisted Wrist-Flexion Pulses","Self-resistance","Forearms","Strength","Strength","Self-resistance can make repeated wrist flexion a genuine local-strength drill.","Remove","Only one active wrist is prescribed; neither bilateral execution nor side switching is demonstrated.","High"
"219","Four-Way Self-Resisted Wrist Sequence","Self-resistance","Forearms","Strength","Strength","The sequence can load wrist force in several directions through manual resistance.","Remove","Only one active wrist is prescribed and the long instructional clip does not demonstrate a bilateral or naturally alternating loop.","High"
"220","Interlocked Hook-Fist Pull-Apart Isometric","Self-resistance","Shoulders;Forearms;Biceps","Strength","Strength","A strong bilateral pull against interlocked hands provides meaningful isometric pulling force.","Keep","Effort is invisible; the label or instructions should cue a strong pain-free pull.","High"
"223","Alternating Karate Inside Block (Uchi-Uke)","Karate","Shoulders;Forearms;Triceps;Biceps;RotatorCuff","Balance;Strength;Stepping","Stepping","The clip integrates repeated forward steps into loaded long stances; training step initiation; termination; weight transfer; and lower-limb endurance.","Keep","The name mentions only the block even though the demonstrated step-and-stance sequence creates the qualifying stimulus.","High"
"224","Alternating Karate Downward Sweep Block (Gedan-Barai)","Karate","Shoulders;Forearms;Triceps;RotatorCuff","Balance;Strength;Stepping","Stepping","Repeated advancing and retreating long-stance blocks combine deliberate stepping with bodyweight leg loading and dynamic postural control.","Keep","The integrated step sequence should be retained because an in-place arm block would not qualify.","High"
"225","Alternating Karate Knife-Hand Block (Shuto-Uke)","Karate","Shoulders;Forearms;Triceps;RotatorCuff","Balance;Strength;Stepping","Stepping","The demonstrated advancing stance sequence trains controlled foot placement; weight transfer; and bent-knee leg endurance.","Keep","Label omits the qualifying step-and-long-stance component.","High"
"227","Standing Palm-Press Pulses","Self-resistance","Shoulders;Chest;Forearms;Triceps","Strength","Strength","Opposing palms provide bilateral self-resistance through repeated pressing contractions.","Keep","Pressure is visually unverifiable; cue a deliberate pain-free effort.","High"
"228","Alternating Boxing Cross","Boxing","Forearms;Triceps","","","Foot pivots and unloaded crosses do not constitute meaningful stepping or resistance and isolated punches do not meet Stamina.","Remove","Accurate human shadowboxing clip but no qualifying dose.","High"
"229","Alternating Boxing Uppercut","Boxing","Shoulders;Forearms;Biceps","","","The unloaded stationary uppercut pattern does not meaningfully train any frozen capacity.","Remove","Accurate technique demonstration but no resistance or purposeful steps.","High"
"230","Alternating Boxing Overhand","Boxing","Shoulders;Chest;Forearms;Triceps","","","An unloaded stationary overhand remains below the strength and stamina thresholds.","Remove","Large trunk motion is present but still lacks resistance or sustained large-muscle work.","High"
"231","Alternating Karate Reverse Punch","Karate","Shoulders;Chest;Forearms;Triceps","Stepping","Stepping","The demonstration appears to change weight-bearing stance between alternating punches and can train step initiation and termination.","Reconsider","The qualifying step is not named and a user could reasonably perform stationary punches instead.","Medium"
"232","Alternating Karate Knife-Hand Chop","Karate","Shoulders;Forearms;Triceps","","","The unloaded arm chop and ordinary stance do not provide a qualifying capacity stimulus.","Remove","Human demo matches the strike but does not clearly prescribe meaningful steps.","High"
"233","Alternating Karate Ridge-Hand Strike (Haito-Uchi)","Karate","Shoulders;Forearms;Triceps","","","The unresisted strike is a skill pattern without meaningful force loading or locomotor content.","Remove","Accurate human technique clip but no capacity dose.","High"
"234","Alternating Karate Flat-Fist Strike (Hiraken)","Karate","Shoulders;Forearms;Triceps","","","Alternating unloaded strikes in a stable stance do not meet the frozen thresholds.","Remove","Foot-position changes are not a prescribed step sequence.","High"
"236","Alternating Karate Spear-Hand Strike (Nukite)","Karate","Shoulders;Forearms;Triceps","","","The unloaded stationary spear-hand action does not meaningfully train strength or stamina.","Remove","Accurate human demonstration but no qualifying capacity dose.","High"
"237","Forearm Pronation and Supination","Standing mobility and movement practice","Forearms","Mobility","Mobility","Full pronation and supination can deliberately approach meaningful forearm rotational end range.","Remove","Only one arm is demonstrated and the label does not prescribe bilateral or naturally alternating execution.","High"
"238","Prayer-Hand Stretch","Stretching","Forearms","Mobility","Mobility","The bilateral prayer position deliberately loads wrist extension near end range.","Keep","Hold playback must settle and remain at the final stretch position.","High"
"239","Ninja Fireball Hand-Seal Sequence","Ninja hand-seal coordination","Forearms","","","The hand-seal sequence trains a skill form but none of the frozen physical-capacity categories at meaningful dose.","Remove","Accurate human demonstration does not compensate for absent endpoint-relevant stimulus.","High"
"240","Ninja Shadow-Possession Hand-Seal Sequence","Ninja hand-seal coordination","Forearms","","","Unresisted hand sequencing does not meet any frozen category threshold.","Remove","Human clip is exact but the activity is a fine-motor pattern outside this taxonomy.","High"
"241","Ninja Water-Dragon 44 Hand-Seal Sequence","Ninja hand-seal coordination","Forearms","","","The long hand-seal sequence remains fine-motor rehearsal rather than meaningful strength; mobility; stamina; balance; or stepping.","Remove","The name references 44 seals but the short clip cannot establish a complete repeatable prescription.","High"
"242","Ninja Shadow-Clone Hand-Seal Sequence","Ninja hand-seal coordination","Forearms","","","The unresisted hand sequence does not genuinely train any frozen capacity.","Remove","Accurate human form demonstration but no qualifying physical dose.","High"
"245","Alternating Karate Rising Block (Age-Uke)","Karate","Shoulders;Forearms;Triceps;Biceps;RotatorCuff","Balance;Strength;Stepping","Stepping","Repeated advancing blocks into bent long stances train weight-bearing step sequencing; dynamic weight transfer; and lower-limb endurance.","Keep","The name should preserve or state the integrated steps because arm-only blocks would not qualify.","High"
"246","Alternating Karate Outside Block (Soto-Uke)","Karate","Shoulders;Forearms;Triceps;Biceps;RotatorCuff","Balance;Strength;Stepping","Stepping","The demonstrated repeated steps into long stances provide meaningful stepping; postural-control; and bodyweight leg loading.","Keep","The qualifying advancing stance sequence is not explicit in the name.","High"
"248","Standing Palm-Press Hold","Self-resistance","Shoulders;Chest;Forearms;Triceps","Strength","Strength","A forceful bilateral palm press supplies scalable isometric pushing strength.","Keep","Effort cannot be seen; cue deliberate pressure and freeze the hold on the final position.","High"
"301","Large Arm Sweep Up and Down","Standing mobility and movement practice","Shoulders;Trapezius;RotatorCuff","Mobility","Mobility","Controlled sweeps from the sides to overhead deliberately approach shoulder-elevation end range.","Keep","None.","High"
"303","Alternating Arm-Circle Squat with Cross Tap","Bodyweight conditioning","Glutes;Quadriceps;Shoulders;RotatorCuff","Balance;Strength;Stamina","Strength","Repeated squats load the legs; continuous large-muscle work can elevate breathing; and the cross-tap creates brief crossed-base postural demand.","Keep","The cross tap is not weight-bearing enough to count as Stepping.","High"
"311","Low-Impact Standing Jack","Bodyweight conditioning","Calves;Shins","Stamina;Stepping","Stamina","Continuous lateral step-jacks with arm elevation provide rhythmic whole-body conditioning and repeated lateral step control.","Keep","None.","High"
"314","Alternating Forward Lunge with Biceps Curl","Bodyweight conditioning","Glutes;Quadriceps;HipFlexors;Biceps","Balance;Strength;Stamina;Stepping","Strength","Alternating weight-bearing lunges train leg strength; dynamic balance; forward step control; and continuous large-muscle conditioning.","Keep","The arms are unloaded so Biceps Curl overstates their training effect; rename it as an arm curl or omit that claim.","High"
"315","Side-Step Squat with Overhead Reach","Bodyweight conditioning","Glutes;Quadriceps;Trapezius","Strength;Stamina;Stepping","Strength","Repeated lateral steps into squats combine meaningful leg loading with multidirectional stepping and sustained large-muscle work.","Keep","None.","High"
"321","Alternating Cross-Step Arms Raise","Standing mobility and movement practice","Shoulders;Adductors;Abductors","Balance;Stepping","Stepping","Alternating crossed foot placements require purposeful sequencing and create a narrowed changing base.","Keep","Verify that the demonstrated cross-step remains weight-bearing rather than becoming only a toe tap.","High"
"326","Wide-Stance Alternating Straight Punches","Standing mobility and movement practice","Shoulders;Chest;Adductors;Forearms;Triceps","","","A wide stable stance plus unloaded punches does not meaningfully train any frozen capacity.","Remove","The athletic presentation overstates the actual training dose.","High"
"327","First-Position Standing Row","Standing mobility and movement practice","UpperBack;Shoulders;MidBack;Trapezius;Biceps;RotatorCuff","","","The unresisted mid-range arm pull lacks meaningful strength load; first-position standing alone is not a genuine balance challenge.","Remove","The name Row implies resistance that the demonstration does not provide.","High"
"329","Qigong Gathering Qi","Qigong","Shoulders;RotatorCuff","Mobility","Mobility","Slow bilateral arm arcs deliberately move the shoulders through full overhead elevation.","Keep","The metaphorical name does not communicate the shoulder-range intent but the human demonstration is clear.","High"
"338","Alternating High-Low Punches","Standing mobility and movement practice","Shoulders;Chest;Forearms","","","Unloaded high-low punches in an ordinary stance do not meet Strength or Stamina thresholds.","Remove","Accurate human pattern but no qualifying dose.","High"
"340","Low-Impact Jack with Alternating Punches","Standing mobility and movement practice","Shoulders;Chest;Calves;Forearms;Shins","Stamina;Stepping","Stamina","Continuous step-jacks provide rhythmic whole-body conditioning and repeated lateral step sequencing; the punches are incidental.","Keep","Do not treat the unloaded punches as a Strength stimulus.","High"
"341","Squat with Alternating Straight Punches","Bodyweight conditioning","Glutes;Quadriceps;Shoulders;Chest;Forearms;Triceps","Strength;Stamina","Strength","Repeated squats create meaningful lower-body loading and continuous large-muscle work over 45 seconds can elevate breathing.","Keep","The unloaded punches do not independently qualify as Strength.","High"
"367","Tai Chi Wave Hands Like Clouds","Tai Chi","Shoulders;MidBack;Forearms;RotatorCuff","Balance","Balance","Sustained lateral weight transfers in a bent-knee stance create a genuine dynamic postural-control demand.","Keep","The reviewed clip shifts weight without a clear step sequence so it should not be tagged Stepping.","High"
"377","Qigong Lifting the Sky","Qigong","Shoulders;Trapezius;RotatorCuff","Mobility","Mobility","Slow bilateral reaches deliberately move the shoulders into overhead end range.","Keep","None.","High"
"379","Alternating Qigong Drawing the Bow","Qigong","UpperBack;Shoulders;MidBack;Forearms;Biceps;RotatorCuff","Balance","Balance","Slow lateral transfers in a bent stance can challenge control of the center of mass.","Reconsider","The bow gesture is unresisted and does not train Strength; the Balance dose depends heavily on stance depth and transfer amplitude.","Medium"
"389","First-Position Heel Raise with Elbow Pull-Down","Standing mobility and movement practice","UpperBack;Shoulders;Calves;Trapezius;Biceps","Balance;Strength","Strength","Repeated forefoot rises load the calves while the narrow first-position base creates postural-control demand.","Keep","The unloaded elbow pull-down does not independently train upper-body Strength.","High"
"409","Neck Controlled Articular Rotation","Standing mobility and movement practice","Neck","Mobility","Mobility","A controlled articular rotation deliberately explores cervical end range in multiple planes.","Keep","Execution should remain slow and pain-free rather than forcing range.","High"
"422","Cervical Flexion Isometric","Standing mobility and movement practice","Neck","Strength","Strength","Manual self-resistance provides a meaningful isometric cervical-flexor force stimulus.","Keep","Pressure level is invisible; cue controlled submaximal pain-free resistance.","High"
"423","Cervical Extension Isometric","Standing mobility and movement practice","Neck","Strength","Strength","Hands against the head provide a meaningful isometric cervical-extensor resistance.","Keep","Pressure level is invisible; cue controlled submaximal pain-free effort.","High"
"425","Chin-Tuck Isometric","Standing mobility and movement practice","Neck","Strength","Strength","A deliberately held chin tuck can train deep-neck-flexor force endurance.","Remove","The asset is effectively a static instructional still and does not demonstrate the setup or make the intended isometric action legible.","High"
"467","Alternating Eight-Brocades Wise Owl Gazes Backward","Standing mobility and movement practice","Neck","Mobility","Mobility","Alternating controlled backward gazes deliberately approach cervical rotation end range.","Keep","Long name is precise; retain explicit alternation.","High"
"474","Ballet Spotting Drill","Ballet","Neck","Balance;Stepping","Balance","Repeated body turns with head spotting train dynamic postural control and turn-step sequencing.","Reconsider","The name does not explicitly require both turn directions; verify alternating direction to satisfy the bilateral rule.","Medium"
"475","Jazz Head Isolation","Standing mobility and movement practice","Neck","Mobility","Mobility","The demonstrated directional isolations take the cervical spine through deliberate controlled ranges.","Keep","The name does not enumerate the sequence or amplitude; the demo must remain legible in the app crop.","Medium"
"477","Dance Head Roll","Standing mobility and movement practice","Neck","Mobility","Mobility","A controlled head roll can explore multi-planar cervical range.","Reconsider","Large cervical circles may be uncomfortable and neither direction alternation nor pain-free range is specified.","Medium"
"481","Quarter-Turn Spotting Drill","Standing mobility and movement practice","Neck","Balance;Stepping","Stepping","Repeated quarter turns train initiation and termination of turning steps together with dynamic postural control.","Reconsider","Verify and name alternation in both turn directions.","Medium"
"482","Continuous Spot-Turn Drill","Standing mobility and movement practice","Neck","Balance;Stepping","Stepping","Continuous in-place turns require repeated turn-step sequencing and postural control.","Reconsider","Direction alternation is unclear and continuous one-direction turning can provoke dizziness.","Medium"
"483","Pirouette Spotting Drill","Ballet","Neck","Balance;Stepping","Balance","Pirouette preparation and turning impose a substantial rotational balance and foot-placement challenge.","Reconsider","Advanced fall demand and unclear turn-direction alternation make it unsuitable without a clearer bilateral prescription.","Medium"
"490","Bharatanatyam Alolita Shiro","Bharatanatyam","Neck","Mobility","Mobility","The circular head action deliberately moves through multi-planar cervical range.","Reconsider","The 5.75-second clip may demonstrate only one circle direction; alternation and pain-free limits are not explicit.","Medium"
"491","Bharatanatyam Dhuta Shiro","Bharatanatyam","Neck","Mobility","Mobility","Controlled side-to-side head rotation deliberately approaches cervical rotational range in both directions.","Keep","Very short clip; verify that looping remains smooth and does not encourage rushed motion.","High"
"492","Bharatanatyam Kampita Shiro","Bharatanatyam","Neck","Mobility","Mobility","Controlled nodding deliberately explores cervical flexion and extension range.","Keep","Very short clip; verify a smooth loop and controlled rather than rapid range.","High"
"493","Alternating Bharatanatyam Paravritta Shiro","Bharatanatyam","Neck","","","Small choreographic neck isolation does not meaningfully challenge usable range, force, balance, stamina, or stepping.","Remove","Human movement is visible, but the specialist name is opaque and the demonstrated excursion is too small to establish training value.","High"
"495","Bharatanatyam Parivahita Shiro","Bharatanatyam","Neck","","","Small choreographic head motion does not meaningfully train any frozen capacity.","Remove","Subtle movement and specialist naming make the action hard to understand; it is not an explicit end-range stretch.","High"
"497","Odissi Sundari Griva","Odissi","Neck","","","Small neck glide is choreography rather than a meaningful mobility or endurance stimulus.","Remove","Human demonstration is clear enough, but the motion is tiny and the name gives an unfamiliar user no usable instruction.","High"
"499","Bharatanatyam Tiraschina Griva","Bharatanatyam","Neck","","","Small choreographic neck isolation does not meet the threshold for meaningful mobility training.","Remove","Specialist naming and limited excursion; should not qualify merely because the neck moves.","High"
"500","Bharatanatyam Parivartita Griva","Bharatanatyam","Neck","","","Small choreographic neck circle does not provide a defensible dose in any frozen category.","Remove","The human demonstration is readable, but the movement remains a low-stimulus isolation.","High"
"512","Scapular Protraction","Standing mobility and movement practice","UpperBack;Shoulders;Trapezius;RotatorCuff","Mobility","Mobility","Active scapular excursion can train usable shoulder-girdle movement, but the unloaded action is not strength work.","Keep","Movement is subtle and may be difficult to perceive on a phone-sized demonstration.","Medium"
"513","Scapular Retraction","Standing mobility and movement practice","UpperBack;Shoulders;MidBack;Trapezius;RotatorCuff","Mobility","Mobility","Repeated active scapular retraction trains shoulder-girdle excursion without enough resistance to count as strength.","Keep","Rear-view demonstration is subtle; visible range and coaching clarity should be reviewed.","Medium"
"516","Shoulder Shrug","Standing mobility and movement practice","Shoulders;Trapezius","Mobility","Mobility","Shoulder elevation and depression provide a narrow active-mobility stimulus; no-load shrugging is not meaningful strength work.","Reconsider","Very limited range and low training dose make this borderline and visually underwhelming.","Medium"
"544","Standing Overhead Slam","Bodyweight conditioning","Shoulders;Trapezius;Triceps","Strength;Stamina","Strength","Repeated squat-to-extension action trains lower-body strength and power while involving enough large-muscle movement to challenge stamina.","Keep","The name normally implies a medicine-ball slam, while the clip shows an equipment-free squat and arm sweep; rename for accuracy.","High"
"572","Alternating Tai Chi White Crane Opens Wings","Tai Chi","Shoulders;RotatorCuff","Balance;Stepping;Mobility","Balance","Controlled weight transfer, foot repositioning, and changing arm and trunk positions meaningfully train dynamic balance, stepping, and mobility.","Keep","Sequence is more complex than the name alone conveys, but the full-body human demonstration is readable.","High"
"573","Alternating Tai Chi Single Whip","Tai Chi","Shoulders;MidBack;RotatorCuff","Balance;Stepping;Mobility","Balance","Deliberate multidirectional weight shifts and steps train postural control while the trunk and shoulders move through useful range.","Keep","Specialist form name may be unfamiliar; demonstration must remain the primary instruction.","High"
"576","Qigong Crane-Wing Shoulder Lift","Qigong","Shoulders;Trapezius;RotatorCuff","Balance;Mobility","Balance","The demonstrated flowing weight shifts and upper-body excursion can challenge postural control and shoulder mobility.","Reconsider","Name understates the full-body sequence, alternation is not obvious, and the exact intended pattern is comparatively hard to follow.","Medium"
"577","Qigong Swimming-Dragon Shoulder Roll","Qigong","Shoulders;Trapezius;RotatorCuff","Mobility","Mobility","Large coordinated shoulder and trunk circles provide a genuine active-mobility challenge.","Keep","Outdoor footage is visually cluttered and lower resolution, though the movement remains understandable.","Medium"
"588","Belly-Dance Alternating Shoulder Roll","Belly dance","Shoulders;Trapezius;RotatorCuff","Mobility","Mobility","Alternating shoulder rolls move the shoulder girdle through active circular range, but offer only a modest mobility dose.","Reconsider","Close crop and small excursion make the exercise less legible and less substantial than stronger mobility options.","Medium"
"591","Bharatanatyam Natyarambhe Hold","Bharatanatyam","Shoulders;Trapezius;RotatorCuff","Strength","Strength","Holding both arms horizontally for 45 seconds creates meaningful shoulder local muscular endurance.","Keep","Dim footage, but the bilateral human posture and configured hold frame are accurate.","High"
"608","Hip Circle","Standing mobility and movement practice","Core;Abductors","Mobility","Mobility","Controlled broad pelvic and hip circles train usable lumbopelvic and hip range.","Keep","Torso-focused crop omits parts of the body, but the intended circular movement is clearly visible.","High"
"617","Alternating Standing Forward Side-Leg Circles","Standing mobility and movement practice","Abductors","Balance;Strength;Mobility","Balance","Forward circles of the unsupported leg challenge single-leg postural control, hip local endurance, and active hip range.","Keep","The exact forward direction and mirrored side phase remain clear.","High"
"620","Alternating Standing Backward Side-Leg Circles","Standing mobility and movement practice","Abductors","Balance;Strength;Mobility","Balance","Backward circles of the unsupported leg challenge single-leg postural control, hip local endurance, and active hip range in the opposite direction.","Keep","The source explicitly reverses before this clean segment; the mirrored second phase supplies the other leg.","High"
"626","Sumo Stance","Standing mobility and movement practice","Adductors","Strength;Mobility","Strength","A deep wide squat hold meaningfully trains lower-body local endurance while exposing the hips to a wide stance and depth.","Keep","Name should ideally say that this is a hold; configured frame clearly shows the intended position.","High"
"632","Alternating Hip-Flexor Side Stretch","Stretching","HipFlexors","Mobility","Mobility","Alternating split and lateral reaching positions meaningfully train hip-flexor and trunk range.","Keep","Name is somewhat imprecise, but the human demonstration clearly shows the repeated stretch pattern.","High"
"636","Alternating Deadlift Kickback","Bodyweight conditioning","Glutes;Core;Hamstrings;LowerBack","Balance;Strength;Mobility","Balance","The unsupported hinge and rear-leg action challenge balance, posterior-chain local strength, and hip-hinge range.","Keep","Human demonstration is accurate and naturally alternating.","High"
"647","Alternating Kickback with Sky Punch","Bodyweight conditioning","Glutes;Hamstrings;Shoulders;Chest","Balance;Stamina","Stamina","Continuous alternating leg and arm action can provide modest rhythmic whole-body demand with brief single-leg control.","Reconsider","Small kickback and unloaded punch provide little strength stimulus; overall challenge may be too low to justify catalog space.","Medium"
"648","Alternating Standing Back-Leg Lift","Standing mobility and movement practice","Glutes;Hamstrings;LowerBack","Balance;Strength","Balance","Unsupported alternating hip extension trains single-leg control and hip-extensor local endurance.","Keep","Demonstration is clear; avoid claiming meaningful lower-back strengthening from the unloaded leg lift.","High"
"649","Alternating Standing Side-Leg Raise","Bodyweight conditioning","Abductors","Balance;Strength;Mobility","Balance","Unsupported leg abduction trains single-leg stability, hip-abductor local endurance, and active abduction range.","Keep","Mirrored presentation is noticeable but does not obscure the exercise.","High"
"654","Alternating Sideward-and-Backward Kick","Standing mobility and movement practice","Quadriceps;Abductors","Balance;Strength;Mobility","Balance","Multidirectional unsupported kicks train dynamic balance, leg force control, and active hip range.","Keep","On-screen source labels add some visual noise, but the alternating pattern is clear.","High"
"666","Alternating Ballet Arabesque","Ballet","Glutes;Hamstrings;LowerBack","Balance;Strength;Mobility","Balance","Alternating unsupported arabesques strongly challenge postural control, posterior-chain endurance, and active hip extension.","Keep","Accurate full-body human demonstration; no material concern.","High"
"677","Alternating Belly-Dance Hip Drop","Belly dance","Glutes;Abductors","","","Small hip isolation does not meaningfully train a frozen capacity at the demonstrated range and load.","Remove","Choreography is accurately shown, but it should not qualify merely because the pelvis moves.","High"
"678","Alternating Belly-Dance Hip Lift","Belly dance","Glutes;Abductors","","","Small hip isolation lacks a meaningful mobility, strength, balance, stamina, or stepping challenge.","Remove","Very small excursion and low training dose.","High"
"681","Belly-Dance Horizontal Figure Eight","Belly dance","Core","","","The demonstrated pelvic figure eight is too small and low-load to establish meaningful training of a frozen capacity.","Remove","Could provide movement practice, but the clip does not show enough range to justify Mobility.","Medium"
"683","Belly-Dance Umi","Belly dance","Core","","","Small pelvic isolation does not clear the meaningful-training threshold.","Remove","Specialist name is opaque and the visible movement is subtle.","Medium"
"684","Belly-Dance Maya","Belly dance","Core","","","The isolated hip pathway is choreography with insufficient range or loading for the frozen categories.","Remove","Human demonstration is present, but the stimulus is uncertain and visually subtle.","Medium"
"685","Belly-Dance Taqsim","Belly dance","Core","","","The low-load pelvic isolation does not meaningfully train any frozen capacity.","Remove","Specialist naming and small movement make it unsuitable as a simple guided exercise.","Medium"
"686","Belly-Dance Hip Twist","Belly dance","Core;Abductors","","","Small unloaded hip twisting does not provide a defensible mobility or conditioning dose.","Remove","Torso crop and subtle motion; choreography alone is not sufficient qualification.","High"
"687","Belly-Dance Hip Shimmy","Belly dance","Glutes;Abductors","","","A tiny rapid hip isolation is neither a robust stamina exercise nor meaningful strength or mobility training.","Remove","Three-second source loop is especially weak and the motion is difficult to read during app playback.","High"
"712","Thoracic Expansion Hold","Standing mobility and movement practice","UpperBack;Shoulders;Chest;MidBack;Trapezius;RotatorCuff","Mobility","Mobility","The held shoulder-extension and chest-opening position can train upper-body mobility.","Keep","Postural change is subtle and the broad name gives little setup guidance; configured final frame is nevertheless appropriate.","Medium"
"733","Alternating Side Lunge with Chest Push","Bodyweight conditioning","Glutes;Quadriceps;Shoulders;Chest;HipFlexors;Triceps","Strength;Stamina;Stepping;Mobility","Stepping","Repeated lateral foot placement and return train multidirectional stepping, with lower-body strength, whole-body stamina, and adductor mobility demand.","Keep","Unresisted chest push should not be interpreted as meaningful chest or triceps strength work.","High"
"740","Clasped-Hand Upper-Back Stretch","Stretching","UpperBack;MidBack;Trapezius;RotatorCuff","Mobility","Mobility","The clasped-arm reach and thoracic rounding provide a clear upper-back and shoulder-girdle mobility stimulus.","Keep","Configured hold frame accurately captures the final position.","High"
"741","Alternating Cross-Body Shoulder Stretch","Stretching","Shoulders;RotatorCuff","Mobility","Mobility","Alternating assisted cross-body positioning trains shoulder range.","Keep","Accurate human demonstration; source captions add minor noise only.","High"
"742","Alternating Overhead Triceps Stretch","Stretching","Shoulders;Trapezius;Triceps","Mobility","Mobility","Alternating overhead elbow-flexion positions train shoulder and triceps-associated range.","Keep","Accurate human demonstration and clear alternation.","High"
"743","Clasped-Hands-Behind-Back Chest Opener","Stretching","UpperBack;Shoulders;Chest;RotatorCuff","Mobility","Mobility","The clasped-behind-back position meaningfully trains shoulder extension and anterior-shoulder or chest range.","Keep","Configured hold frame accurately shows the intended end position.","High"
"744","Alternating Standing Figure-Four Glute Stretch","Stretching","Glutes;Abductors","Balance;Strength;Mobility","Balance","Unsupported figure-four positions challenge single-leg balance, supporting-leg endurance, and hip range.","Keep","Human demonstration is accurate; transitions are long but alternation is visible.","High"
"745","Dynamic Hug","Standing mobility and movement practice","UpperBack;Shoulders;Chest;RotatorCuff","Mobility","Mobility","Repeated horizontal arm opening and closing provides a modest active shoulder and chest mobility stimulus.","Reconsider","Large source text, tight crop, and shallow movement make this less useful than clearer shoulder-mobility options.","Medium"
"746","Alternating Staggered Calf-and-Ankle Stretch","Stretching","Calves;Shins","Mobility","Mobility","Alternating staggered positions train ankle dorsiflexion and calf range.","Keep","Source captions are visible, but the stretch and side change are clear.","High"
"747","Alternating Standing Quad Stretch","Stretching","Quadriceps","Balance;Mobility","Balance","Unsupported foot-to-hand quad stretches train single-leg postural control and knee or hip range.","Keep","Accurate naturally alternating human demonstration.","High"
"748","Alternating Wide-Stance Groin-Hamstring Shift","Stretching","Hamstrings;Adductors","Strength;Mobility","Mobility","Loaded side-to-side shifts expose the adductors and hamstrings to useful range while requiring lower-body local force.","Keep","Hands rest on the thighs, but no external support or equipment is used.","High"
"750","Alternating Heel-Forward Hamstring Stretch","Stretching","Hamstrings","Mobility","Mobility","Alternating heel-forward hinges provide a clear hamstring and posterior-chain mobility challenge.","Keep","Accurate human demonstration; no material concern.","High"
"751","Alternating Neck Side Stretch","Stretching","Neck","Mobility","Mobility","Deliberate alternating lateral-flexion stretches reach a clear cervical end range, unlike the small dance isolations.","Keep","Name and human demonstration agree; movement remains readable.","High"
"752","Alternating Straight-Arm Wrist Stretch","Stretching","Forearms","Mobility","Mobility","Assisted alternating wrist positioning trains distal joint range, though its relationship to whole-body independence is comparatively weak.","Reconsider","Narrow distal focus and limited transfer make this a weak representative of the broad Mobility family.","Medium"
"784","Extended Mountain Pose","Yoga","Chest;Trapezius","Balance;Strength;Mobility","Balance","The raised-heel overhead hold challenges postural control, calf local endurance, and overhead shoulder range.","Keep","Configured hold frame correctly captures both heel elevation and overhead reach.","High"
"804","Alternating Arms-Spread Torso Twist","Bodyweight conditioning","Core;Shoulders;MidBack","Mobility","Mobility","Repeated trunk rotation with arms extended trains usable thoracic and shoulder range.","Keep","Minor source-edge text, but the full movement is clear.","High"
"816","Torso Circle","Standing mobility and movement practice","Core;LowerBack","Mobility","Mobility","Large controlled trunk circles train multiplanar spinal and hip-associated range.","Keep","Outdoor background and embedded title create visual noise, but the motion is legible.","High"
"818","Standing Cat-Cow","Standing mobility and movement practice","UpperBack;LowerBack;MidBack","Mobility","Mobility","Repeated standing spinal flexion and extension provides a clear spinal-mobility stimulus.","Remove","Hands remain supported on the thighs throughout the movement; this violates the no hand-supported-work constraint.","High"
"825","Alternating Deadlift with Body Twist","Bodyweight conditioning","Glutes;Core;Hamstrings;LowerBack","Strength;Stamina","Strength","Repeated hinges or squat-like reaches and trunk turns train lower-body and trunk local strength with meaningful whole-body rhythmic demand.","Keep","Human demonstration is accurate; bodyweight loading limits maximal-strength claims.","High"
"831","Alternating Knee-Up Reverse Fly","Bodyweight conditioning","Core;UpperBack;Shoulders;HipFlexors;MidBack;RotatorCuff","Balance;Stepping;Stamina","Balance","Alternating knee lifts create repeated single-support control, foot clearance, and rhythmic whole-body activity.","Keep","The unloaded reverse-fly arm action does not meaningfully strengthen the upper back despite the name.","High"
"834","Alternating Cross-Step Lat Pulldown","Standing mobility and movement practice","UpperBack;Shoulders;Adductors;Abductors;MidBack;Trapezius;Biceps","Balance;Stepping;Stamina","Stepping","Repeated cross-steps train directional foot placement, dynamic balance, and continuous locomotor demand.","Keep","The unloaded arm pull is not meaningful lat or biceps strength work; name overstates that component.","High"
"836","Squat with Back Squeeze","Bodyweight conditioning","Glutes;Quadriceps;UpperBack;MidBack;Trapezius","Strength;Stamina","Strength","Repeated squats meaningfully train lower-body strength or local endurance and can challenge stamina over 45 seconds.","Keep","Unloaded arm movement does not meaningfully train the back; the name overclaims the secondary action.","High"
"843","Standing Cobra Pose","Yoga","UpperBack;Shoulders;Chest;LowerBack;MidBack;Trapezius","","","The current asset cannot qualify because it demonstrates a different, equipment-assisted exercise.","Remove","Verified hold frame shows the demonstrator holding a large exercise ball, violating zero-equipment requirements and not depicting Standing Cobra.","High"
"845","Extended-Mountain Backline Reach and Lower","Standing mobility and movement practice","Hamstrings;LowerBack","Mobility","Mobility","The clip provides some overhead shoulder mobility, but does not show the named hamstring or backline action.","Reconsider","Material name-to-video mismatch: footage is essentially an arm raise and lower with no meaningful backline reach.","Medium"
"884","Boxing Slip","Boxing","Core","Balance;Mobility","Balance","Controlled lateral centre-of-mass shifts and trunk displacement can train dynamic postural control and trunk mobility.","Keep","Low-resolution sport footage and modest challenge make transfer less certain than stronger balance drills.","Medium"
"885","Boxing Roll","Boxing","Core;LowerBack","Balance;Strength;Stamina","Strength","Repeated crouching and lateral weight transfer train lower-body local strength, balance, and rhythmic conditioning.","Keep","Low-resolution footage, but the boxing roll pattern is clearly human-demonstrated and readable.","High"
"905","Wide-Plié Alternating Side Bend","Bodyweight conditioning","Glutes;Core;Quadriceps;Adductors","Strength;Mobility","Strength","Maintaining a deep wide plié while alternating trunk bends trains lower-body local endurance and lateral trunk or hip mobility.","Keep","Accurate human demonstration; no material concern.","High"
"906","Alternating Cross-and-Side Crunch","Bodyweight conditioning","Core","Balance;Strength;Stamina;Stepping","Strength","Repeated knee lifts and trunk crunches train trunk and hip local endurance while requiring single-support control, foot clearance, and continuous effort.","Keep","Human demonstration is clear; title could describe the alternating knee-lift pattern more directly.","High"
"910","Standing Pilates Knee-Lift Twist","Pilates","Core","Balance;Strength;Mobility;Stepping","Balance","Knee lifts with trunk rotation challenge single-leg control, foot clearance, trunk local endurance, and rotational range.","Keep","Accurate human demonstration; pace appears controlled rather than strongly aerobic.","High"
"914","Alternating Diagonal Knee Pull-Down","Standing mobility and movement practice","Core","Balance;Strength;Stamina;Stepping","Stamina","Fast alternating knee drives provide rhythmic large-muscle demand while training foot clearance, balance, and trunk or hip local endurance.","Keep","Name understates the conditioning nature, but demonstration is clear and naturally alternating.","High"
"915","Alternating Split-Stance Knee Drive with Overhead Reach","Standing mobility and movement practice","Core;HipFlexors;Trapezius","Balance;Strength;Stamina;Stepping","Stepping","Repeated movement from split stance into knee drive directly trains step initiation and recovery, with balance, leg strength, and stamina demands.","Keep","Accurate human demonstration; no material concern.","High"
"939","Alternating Hinge-to-Knee Drive","Standing mobility and movement practice","Core;Hamstrings;LowerBack;HipFlexors","Balance;Strength;Stamina;Stepping;Mobility","Balance","Single-leg hinge-to-drive transitions strongly challenge balance while training posterior-chain strength, stepping, stamina, and hip-hinge range.","Keep","Accurate, substantial, naturally alternating full-body movement.","High"
"943","Alternating Knee-Up Arms Raise","Bodyweight conditioning","Core;Shoulders;HipFlexors","Balance;Stepping;Stamina","Stamina","Continuous high-knee marching with arm raises trains rhythmic stamina, foot clearance, and dynamic balance.","Keep","Unloaded arm raises should not be treated as shoulder strength, but the primary conditioning action is clear.","High"
"948","Alternating Standing Wood Chop","Standing mobility and movement practice","Core;MidBack","","","The current asset violates the catalog's zero-equipment condition and cannot be treated as a qualified Nomadic Method exercise.","Remove","Verified demonstration visibly uses a handheld weight despite metadata declaring no equipment.","High"
"949","Alternating Standing Reverse Wood Chop","Standing mobility and movement practice","Core;MidBack","","","The current asset violates the zero-equipment condition and therefore cannot qualify in any frozen category.","Remove","Verified demonstration visibly uses a handheld weight despite metadata declaring no equipment.","High"
"954","Alternating Torso Rotation with Side Reach","Standing mobility and movement practice","Core;MidBack","Mobility","Mobility","Alternating trunk rotation and reach train usable thoracic and shoulder range.","Keep","Accurate human demonstration; no material concern.","High"
"958","Standing Alternating Side Bend","Bodyweight conditioning","Core","Mobility","Mobility","Repeated controlled lateral flexion trains lateral trunk range.","Keep","Low loading means this should not be classified as core strength; demonstration is otherwise clear.","High"
"960","Alternating Heel Tap with Opposite Hand","Hand therapy and mobility","Core;HipFlexors","Balance;Stepping;Stamina","Balance","Alternating cross-body high-leg taps require single-support control, foot clearance, and continuous coordinated movement.","Keep","Existing practice label is plainly wrong; the name may not precisely describe whether the hand contacts heel, foot, or knee.","Medium"
"962","Alternating Standing Knee-to-Elbow Crunch","Bodyweight conditioning","Core;HipFlexors","Balance;Strength;Stamina;Stepping","Strength","Repeated knee-to-elbow actions train trunk and hip local endurance while adding balance, foot-clearance, and conditioning demand.","Keep","Accurate human demonstration; no material concern.","High"
"969","Chair-Pose Core Hold","Standing mobility and movement practice","Core;Quadriceps","Strength","Strength","A sustained chair-pose squat creates meaningful lower-body and trunk local muscular endurance.","Keep","Configured hold frame correctly shows the final position; title could simply say Chair Pose Hold.","High"
"971","Horse-Stance Core Hold","Standing mobility and movement practice","Glutes;Core;Quadriceps;Adductors","Strength;Mobility","Strength","A deep wide horse-stance hold trains lower-body local endurance while maintaining substantial hip range.","Keep","Name overemphasizes core relative to the obvious leg demand; configured hold frame is accurate.","High"
"973","Alternating Reverse-Lunge Torso Twist","Bodyweight conditioning","Glutes;Core;Quadriceps;HipFlexors;MidBack","Balance;Strength;Stamina;Stepping;Mobility","Strength","Alternating reverse lunges with rotation train lower-body strength, directional stepping, balance, stamina, and hip or trunk mobility.","Keep","Accurate, substantial, naturally alternating full-body demonstration.","High"
"986","Karate Kiba-Dachi Brace","Karate","Glutes;Core;Quadriceps;Adductors","Strength;Mobility","Strength","The sustained deep horse-riding stance trains lower-body local endurance while requiring wide-stance hip range.","Keep","Specialist name is translated in the source overlay; configured hold frame is accurate.","High"
"987","Karate Shiko-Dachi Core Brace","Karate","Glutes;Core;Quadriceps;Adductors","Strength;Mobility","Strength","The sustained wide, turned-out stance trains lower-body local endurance and hip mobility.","Keep","Specialist name and framing are less immediately accessible, but the human posture and hold are clear.","High"
"1000","Standing Forward-Fold Hold","Stretching","Hamstrings;LowerBack","Mobility","Mobility","The settled standing forward-fold hold trains posterior-chain mobility.","Keep","The reviewed final-position frame shows the completed fold and the explicit hold name matches playback.","High"
